slice,true_time,pred_time,P_ctrl,P_4h,P_24h,P_72h,P_7d
1,24h,24h,0.2179505547230824,0.05266823221605673,0.6389115759727014,0.05476985272656585,0.03569978436159358
2,24h,24h,0.06824185790285947,0.12994782628638962,0.7170244984764282,0.04192725995397324,0.04285855738034934
3,24h,24h,0.11559522977308938,0.026525767321243784,0.6025932391917996,0.16369687844275527,0.09158888527111197
4,24h,24h,0.028465150801670287,0.06966264940236874,0.6953847405632029,0.05239646023428837,0.15409099899846976
5,24h,24h,0.061310745511119556,0.043257376540976326,0.7350620616589677,0.0636601423879612,0.09670967390097525
6,24h,24h,0.013665700281523833,0.15559311516019791,0.700132021031733,0.10367112708911878,0.02693803643742651
7,24h,24h,0.09259259875560807,0.07106081154590076,0.6437756082003204,0.028660270778024653,0.16391071072014612
8,24h,24h,0.05279193520523632,0.1106709020977506,0.6807537252489674,0.017607522966079318,0.13817591448196645
9,24h,24h,0.10549133886890343,0.30268520224108897,0.4731444207844642,0.028307102059219293,0.09037193604632399
10,24h,24h,0.04213012339032192,0.0505084115283276,0.8084297962552021,0.01983852407760166,0.07909314474854666
11,24h,24h,0.09021732389931171,0.10744276030539107,0.7302332569980191,0.019598782790199474,0.05250787600707878
12,4h,72h,0.05008230133732574,0.40189524364932416,0.07194807833333068,0.4287024833342068,0.04737189334581264
13,4h,4h,0.17107525469644805,0.41616553910000714,0.06379328538550758,0.3239978265934394,0.02496809422459781
14,4h,4h,0.09838629476327007,0.7853796873188521,0.014317649709800874,0.09869631256586993,0.0032200556422070214
15,4h,4h,0.10250534034077846,0.3980562046897589,0.20452842358162635,0.2719425423523561,0.02296748903548006
16,4h,4h,0.15485842077461487,0.43650156764786546,0.1450498775434378,0.24003657633725262,0.023553557696829368
17,4h,4h,0.015153039008435485,0.8959629502680362,0.03176462601626967,0.05336505460204754,0.003754330105211178
18,4h,4h,0.045848022865186626,0.6724780471189,0.08035995746308576,0.18908674434180717,0.012227228211020427
19,4h,4h,0.06291437266195875,0.7113865315592115,0.1886525601267018,0.009560044530403758,0.027486491121724195
20,4h,4h,0.053873326687794494,0.9242238091360717,0.01483524122619745,0.004658850854579472,0.0024087720953569207
21,4h,4h,0.11479570817930547,0.8150345331751856,0.050198813617376485,0.013161978071393118,0.006808966956739023
22,4h,4h,0.25968115780819157,0.6801296034336258,0.032323345651250765,0.015283366005208427,0.01258252710172344
23,4h,4h,0.09177288868383734,0.688653282689162,0.16624631921041957,0.011824798820610266,0.04150271059597079
24,4h,ctrl,0.4546594349600398,0.28992241073334374,0.16414042243938118,0.049107717649786324,0.042170014217448974
25,4h,4h,0.15429592645705426,0.7489314307370004,0.05413972692010293,0.032580151912579215,0.010052763973263372
26,4h,4h,0.10984065700746684,0.6988406868246149,0.09401864804034687,0.07033328176164047,0.026966726365930976
27,4h,ctrl,0.4585573686186711,0.45324145536035815,0.05639151908059803,0.018160807322209954,0.01364884961816278
28,4h,4h,0.1952303190390752,0.6721031405264578,0.09758487477274079,0.021070642316788242,0.014011023344937958
29,72h,72h,0.003736319182480166,0.006376606750714787,0.008321795226521952,0.9517941203763437,0.02977115846393934
30,72h,72h,0.007705840387113069,0.034202413919566764,0.040627410413985404,0.8395892060117514,0.07787512926758325
31,72h,72h,0.050688986066996775,0.1875925205867603,0.05003112905743804,0.6846067374013559,0.027080626887449076
32,72h,72h,0.06302125421794233,0.13673644142337998,0.0458156372971322,0.6837644098612191,0.07066225720032632
33,72h,72h,0.03651417193128152,0.2629720324367006,0.06402771677070232,0.59922763069113,0.037258448170185476
34,72h,72h,0.049808021653916644,0.2362303059392371,0.09418916017935094,0.4946741424754499,0.12509836975204552
35,7d,7d,0.06637904267479625,0.01786808088152854,0.14949200594031023,0.06128044335137127,0.7049804271519936
36,7d,7d,0.048119192106816554,0.013886504432209705,0.06188558700826813,0.03681695774038624,0.8392917587123193
37,7d,7d,0.009338044252313748,0.0024474389627127512,0.0066932998741504055,0.0880790608055776,0.8934421561052454
38,7d,7d,0.013231618579631073,0.005268124342322898,0.08512313434838129,0.03688467023323144,0.8594924524964334
39,7d,7d,0.0387607263471685,0.012299637853350759,0.155027585657321,0.022054724743327717,0.7718573253988321
40,7d,7d,0.07033453445902745,0.027762930773961175,0.1421835714632751,0.09037333075804574,0.6693456325456906
41,7d,7d,0.02978383548522277,0.009979084138029446,0.10314579733981842,0.07739733532049393,0.7796939477164354
42,7d,7d,0.004583265540485862,0.003350219993853515,0.013397173364901736,0.02273495473993692,0.9559343863608218
43,7d,7d,0.008219265919840351,0.010134492279312683,0.023293237893278,0.010554183555200346,0.9477988203523686
44,7d,7d,0.08113839676600074,0.03933393895611548,0.07246075820298974,0.054330514519255454,0.7527363915556387
45,7d,7d,0.014951789394266165,0.000839608723762407,0.01080823004104338,0.036373411252960064,0.9370269605879681
46,7d,7d,0.06989330192619121,0.005920378927663979,0.07573816338528935,0.11124309043785767,0.7372050653229977
47,ctrl,24h,0.1741992897742692,0.22950033905430411,0.42910604182680456,0.08593888885135045,0.08125544049327173
48,ctrl,ctrl,0.706290991857746,0.12553079336386147,0.07573620495743058,0.01697337060813353,0.07546863921282834
49,ctrl,ctrl,0.5361709112228976,0.37859348007809834,0.04542148401272862,0.017729851369221016,0.02208427331705438
50,ctrl,ctrl,0.4621027543321133,0.40522827537385275,0.06914277364284424,0.03852918519436396,0.024997011456825577
51,ctrl,ctrl,0.7958913264395705,0.12833527560499777,0.04116734066804638,0.019168998237937423,0.015437059049447902
52,ctrl,ctrl,0.49858828117963616,0.23069837174287325,0.12947850193246638,0.020780021715184137,0.1204548234298399
