feature,n_folds,fraction
mean_Pcell_24h,5,1.0
mean_Pcell_ctrl,5,1.0
mean_Pcell_4h,5,1.0
frac_cluster_1,5,1.0
p90_Intensity_IntegratedIntensity_Channel_0,5,1.0
median_Intensity_MassDisplacement_Channel_2,5,1.0
median_Intensity_LowerQuartileIntensity_Channel_2,5,1.0
mean_Pcell_72h,5,1.0
p90_AreaShape_Zernike_6_0,5,1.0
median_Intensity_MassDisplacement_Channel_1,5,1.0
p90_Intensity_IntegratedIntensityEdge_Channel_2,5,1.0
frac_cluster_2,5,1.0
median_AreaShape_NormalizedMoment_3_0,5,1.0
p90_Intensity_MassDisplacement_Channel_2,5,1.0
p90_AreaShape_Zernike_2_2,5,1.0
p90_AreaShape_Zernike_5_3,5,1.0
p90_AreaShape_Zernike_7_7,4,0.8
median_AreaShape_Zernike_6_6,4,0.8
p90_AreaShape_Zernike_4_4,4,0.8
median_AreaShape_Zernike_8_0,4,0.8
median_Intensity_IntegratedIntensity_Channel_0,4,0.8
median_AreaShape_Zernike_5_5,4,0.8
p90_AreaShape_Zernike_6_2,4,0.8
median_nontrunk_branch_points,4,0.8
median_Intensity_IntegratedIntensityEdge_Channel_2,3,0.6
p90_Intensity_IntegratedIntensityEdge_Channel_0,3,0.6
median_Intensity_MaxIntensity_Channel_0,3,0.6
median_AreaShape_Zernike_6_2,3,0.6
median_Intensity_StdIntensity_Channel_0,3,0.6
p90_nontrunk_branch_points,3,0.6
p90_AreaShape_Zernike_8_8,3,0.6
p90_AreaShape_Compactness,3,0.6
frac_cluster_4,3,0.6
p90_AreaShape_Zernike_4_0,3,0.6
median_AreaShape_Zernike_9_9,2,0.4
p90_AreaShape_Zernike_6_6,2,0.4
p90_Intensity_MADIntensity_Channel_2,2,0.4
p90_AreaShape_Zernike_8_0,2,0.4
median_AreaShape_Zernike_5_1,2,0.4
frac_cluster_5,2,0.4
p90_AreaShape_Zernike_9_1,1,0.2
median_AreaShape_Zernike_6_0,1,0.2
median_AreaShape_Zernike_9_5,1,0.2
p90_AreaShape_Zernike_8_6,1,0.2
median_Intensity_IntegratedIntensityEdge_Channel_0,1,0.2
p90_Intensity_MassDisplacement_Channel_1,1,0.2
median_AreaShape_Orientation,1,0.2
p90_AreaShape_Zernike_9_9,1,0.2
p90_Intensity_MADIntensity_Channel_0,1,0.2
p90_AreaShape_Zernike_3_1,1,0.2
median_Intensity_MADIntensity_Channel_2,1,0.2
median_AreaShape_Zernike_4_4,1,0.2
median_AreaShape_Zernike_6_4,1,0.2
p90_AreaShape_Zernike_9_3,1,0.2
p90_AreaShape_Zernike_4_2,1,0.2
p90_AreaShape_Zernike_7_5,1,0.2
p90_AreaShape_Zernike_8_4,1,0.2
p90_AreaShape_NormalizedMoment_2_3,1,0.2
p90_Intensity_MaxIntensityEdge_Channel_1,1,0.2
p90_AreaShape_Zernike_1_1,1,0.2
mean_Pcell_7d,1,0.2
