slice,true_time,BMP_Id,cell_cycle,reactive_GFAP,notch_fate,late_7d,cytoskeleton,MHC_class_I,Stat3_reactive,complement,interferon_response,astrocyte_identity,glutamate_ion,OPC_pdgfra,ECM_remodeling
1,24h,0.5065008253961958,-0.9528073613655308,0.5843692292785827,-0.5180454556401857,0.05617945152661195,0.6757692985425706,0.5111893581913336,0.39768307413313475,-0.2761283369134421,0.7139383577322267,0.39213937810977767,0.15632494859544543,-0.16933598156838015,0.6399738781403934
2,24h,0.817764046327362,-1.098755979615427,0.6874740986102588,-0.8496126598310294,0.058671925074709044,0.7451960178009754,0.632953150513167,0.42099518424491666,-0.3413908378930824,0.823054254118125,0.429068186781558,0.1520563691274516,-0.3220139841423352,0.8250221164238892
3,24h,0.4400054038191629,-0.9620518591426712,0.7825673459385619,-0.5791576088948549,0.24721819857264324,0.6655537765455005,0.6873632376095762,0.641131061748972,-0.03773443517980574,0.8187915126684586,0.5458562746175493,0.3762498188059819,-0.2838378866185891,0.7318196016311345
4,24h,0.6322787728848442,-0.9827848314802101,0.6936649112965373,-0.8446855330480997,0.3002366848412929,0.7624993515590082,0.6948488782944118,0.48629325086698777,-0.28892492241068596,0.8272549249207588,0.4158826531595578,0.23357214239111326,-0.47137999653852425,0.7886819625881991
5,24h,0.6637984129744852,-1.1210243078309048,0.7850202357682492,-0.8261052513111408,0.2516056680604946,0.827649824651381,0.7421544868978349,0.5629186277459544,-0.2760759848687369,0.9155350803514785,0.49932813986861896,0.27278151125490047,-0.4104101006858318,0.8550600072472562
6,24h,0.8845535220123947,-1.147416761933786,0.7963609791084134,-0.9057836447445718,0.053068043360708306,0.7171945073236279,0.7051177820955744,0.5257218481379718,-0.22198335562684363,0.8734904276057726,0.5200016829074136,0.23911823686210762,-0.3271255469628077,0.8972395544165239
7,24h,0.5214189919744675,-0.8391298706428508,0.5479819917389457,-0.708405749869685,0.259716044289048,0.6848765850469053,0.5676456597470643,0.36691164303413787,-0.3216721127144594,0.698066745296341,0.3149696175674006,0.15432902521156464,-0.4056305507654313,0.6525274285837716
8,24h,0.6766870260012745,-0.9237819285547975,0.5810571859997896,-0.8261366708502281,0.20075858076865452,0.7114043813127032,0.5946430448143364,0.356161275842223,-0.366018708949865,0.7378336429824145,0.3293260779416278,0.1289881440718898,-0.4224005640475036,0.7271816151463143
9,24h,0.727499544090887,-0.537498339050831,0.2131128800937813,-0.6343866799452775,-0.16306718253922606,0.309871781289843,0.21776109383032827,-0.010497297715059915,-0.34168197821762736,0.3175737276156387,0.08531810252580992,-0.11556811403264214,-0.17645940040851127,0.43312387186464985
10,24h,0.7935745131710252,-1.237522596668483,0.8107057748997317,-0.9445457945996005,0.22796092035075913,0.9180016043094548,0.7784753724184865,0.5424833474616135,-0.3864969485654906,0.983669398065302,0.4999416955648782,0.23015411964134394,-0.44944541569251606,0.9347595008715294
11,24h,0.7768693428582037,-1.0930119253309873,0.6624309807584907,-0.8266612381507761,0.08237443522190828,0.7729200704668105,0.6219059243732266,0.4012062307797166,-0.3827871738486642,0.821572642516393,0.4065133247605554,0.13392103233343078,-0.3291586191028563,0.8060419928268555
12,4h,0.4505009029925012,-0.19291077810914822,0.41475565070252085,-0.2444729040077687,-0.24865820406639177,-0.2449850179691383,0.21398980951158675,0.3581925883769642,0.533713459334045,0.12783673469962142,0.3684400514783254,0.2985788038329261,0.10475162452376775,0.29277543608621126
13,4h,0.40412953162068527,-0.07012296322921552,0.15285123266206652,-0.10285370025697331,-0.3975985696581952,-0.28685098162494194,-0.008391976267219936,0.0852203057753542,0.3218774343154851,-0.046002592691317595,0.1704726383570022,0.07487082055220254,0.22031767624757664,0.11956540946006301
14,4h,0.9970529676859352,0.27398974573672835,-0.49427414821062565,-0.39938330117022913,-0.9337945925066843,-0.5969303838621108,-0.5142117847717455,-0.740443095257223,-0.20777088426928114,-0.5542301485652004,-0.3893231369180202,-0.5875809197735626,0.26731703199104323,-0.10542952186451265
15,4h,0.5970101427410462,-0.30706735588305617,0.28357652881785583,-0.34844384343606566,-0.33353828929658264,-0.08650547055831072,0.14260509461430812,0.1501043628043263,0.1848243378447412,0.1430106707235706,0.2313588400470223,0.08401137819024762,0.08324139827167197,0.3098069420103029
16,4h,0.5503182077279675,-0.1447800503387941,0.1003687914179961,-0.24170090254874282,-0.43027447781122785,-0.19758186067953576,-0.01927269433308897,-0.02361506838720393,0.127756059196551,-0.02250310246684847,0.09908349191527163,-0.03899642201781996,0.1607367501652181,0.16559855788561204
17,4h,1.2485774151472389,0.28833866482267406,-0.5783496612454317,-0.6011561718595091,-1.0390011239143646,-0.638626605612272,-0.5629836319977214,-0.8926334006583765,-0.3303440991767643,-0.6134606799389125,-0.48390093641138887,-0.7172901017564305,0.21040536341258106,-0.07274439356156268
18,4h,0.9252033533240119,0.0380732975048321,-0.15563529872296647,-0.4598642863158424,-0.710348282798968,-0.425048530230196,-0.22858718168862113,-0.37218890401721827,-0.016513695702475826,-0.27285588091099117,-0.12526325897790408,-0.3061536192872776,0.16632834106518293,0.09855865436758367
19,4h,1.1011637385716877,0.029863200926271663,-0.38136212226816246,-0.6138520444506306,-0.7899790540482041,-0.32282542060520414,-0.3538902218036743,-0.6795913834882783,-0.41107835536761284,-0.34037473528869644,-0.3507100018168281,-0.5866233112122899,0.0946252072201736,0.06791732453903379
20,4h,1.2491935259270928,0.37935298258624256,-0.7242567759057522,-0.5567215731380286,-1.116380627409264,-0.6870312632591804,-0.6822704565974156,-1.0467638356141638,-0.4299068404472162,-0.7224614917598953,-0.5980905459471322,-0.8377789414660362,0.2523513944853744,-0.16423851713434579
21,4h,1.0765916985343802,0.3002841827897538,-0.6312528265917602,-0.4507429518886291,-0.9976585289187488,-0.5769853370179827,-0.6040628384456731,-0.9145161347520125,-0.39467630129520603,-0.6186029965525321,-0.5157191867776242,-0.7395943520773013,0.25440916392199975,-0.14560833824802757
22,4h,0.7416327214986571,0.34240027279731133,-0.645239199896819,-0.1612790108664986,-0.9016187549534072,-0.5304657300064876,-0.6311737202345425,-0.8485664902355334,-0.3512375691722411,-0.6165489984966364,-0.4949624283315771,-0.6784494671872624,0.34376890196308685,-0.25836739102992556
23,4h,1.007347999301069,0.08515359448314089,-0.41202089732246455,-0.5377691855510149,-0.7619453525940917,-0.3406098644104785,-0.3795022694315765,-0.6847769202341023,-0.3934948157347793,-0.3714294199530302,-0.36745887058586785,-0.5810872792033005,0.11000116258491456,0.0162862820951449
24,4h,0.135217446127824,0.05449858725595299,-0.2933581387236377,0.18162651853951758,-0.4449309392455105,-0.12696923738942056,-0.3255022774681211,-0.3570647222313456,-0.21862829107873513,-0.22843065154306091,-0.19175562617657033,-0.3112295583937137,0.3159220511253652,-0.17224912994369443
25,4h,0.9480184200921143,0.2729934289460879,-0.572795699176016,-0.36112911337038944,-0.9246820607745042,-0.5325298309228967,-0.5609721650822381,-0.8225734851194053,-0.3402052866143904,-0.5672562008646913,-0.45865443179281024,-0.6650108966161818,0.2680156042160836,-0.14728630741274704
26,4h,0.9327432976580068,0.15822492678766112,-0.40746416864697216,-0.4284323922114168,-0.7962738934939566,-0.4399240422106892,-0.4102996022508251,-0.6477715623884912,-0.261629441322583,-0.4244833866415769,-0.33749021202823776,-0.5316458562310302,0.186890368229501,-0.0360508412913307
27,4h,0.2814293552947188,0.29361882455554117,-0.5752767900296376,0.20658615134087524,-0.7179978492608635,-0.3762018556908093,-0.5889387892413631,-0.6733945299658034,-0.2949429692411877,-0.5149438152856606,-0.4015554031677349,-0.5417259706270916,0.43866966711258487,-0.34301111936697504
28,4h,0.8504709138367899,0.19929271157801098,-0.5148502585724568,-0.31296767391231145,-0.8416341337260879,-0.4317908301967909,-0.5045868233132882,-0.7472378235848031,-0.35512435471925585,-0.4851152394857211,-0.4129235375683699,-0.6158713259428309,0.25518548085698534,-0.12360334202554595
29,72h,-0.22099493161465386,-0.6746635505143552,1.5492829322308055,0.09229194837242097,0.4139460789369832,-0.03140858743145345,1.035681416495435,1.7505757213538349,1.689009594409073,0.8605863804928271,1.3658530316933064,1.4489823034453835,0.09231178629017588,0.7212520443731799
30,72h,-0.17572199852300316,-0.5770804511848742,1.3501690937166129,0.02317766827889582,0.4074429284929761,-0.014829543538904954,0.9236731408008996,1.5225070795737052,1.4547455781877514,0.7572320290940806,1.1772843996766318,1.2627593422646635,0.021113177658759297,0.6430275120241948
31,72h,0.09459146551494128,-0.4561345831323572,0.9864547690872846,-0.046774189901487254,0.07541660810504405,-0.11794396193973053,0.6229753926771443,1.0603368609174417,1.1005244660382232,0.5066253001627281,0.8746805636536399,0.8734788198430422,0.12003620061305306,0.5053179330883042
32,72h,-0.03405381488911399,-0.41336429449198464,0.9874225127041194,0.002147243282111908,0.18821793456349423,-0.09170154072533464,0.6449382159500431,1.0961319818898885,1.1169338563114242,0.5152990740381995,0.8725973617250151,0.9125924099375967,0.07493304825245929,0.47554839464431914
33,72h,0.23414304965338284,-0.3799861950464705,0.8077102482333502,-0.1409371661182164,-0.024433585948781915,-0.15237938982216911,0.50095432129547,0.833114410712017,0.9089714407813442,0.39219729743824505,0.7110466205349605,0.6859605097592038,0.097527174368928,0.450954531403909
34,72h,0.15232098889655885,-0.2566574005844789,0.6327844581807628,-0.16353943896581932,0.08634882096744277,-0.10354743091426519,0.42716121398266743,0.664722508077709,0.7080187097080624,0.3140567730117697,0.5399789320857475,0.556906423699301,-0.018076680828731775,0.35688655105475064
35,7d,-0.5908388837046398,0.5615323563620231,-0.17763820754886497,-0.17520610261350034,0.9698439205324418,0.08402875468420529,0.15545504701562468,0.004586308636239691,-0.05849895834668277,-0.08486707106789579,-0.26386456006566716,0.11640699657319749,-0.7417530769780644,-0.18431441144682786
36,7d,-0.8005736815842963,0.8731011809269532,-0.3717964035256158,-0.1086632514452027,1.1360585292400796,-0.026022519759235228,0.05567547134680466,-0.1237017729488147,-0.06969778024998069,-0.2637061398684845,-0.4319143281209651,0.06496588461708167,-0.8548303675567323,-0.3660968278928581
37,7d,-0.9060482275855283,0.9694147416653023,-0.3426014599707594,-0.08418148929355017,1.2494400671513861,-0.08204047250716248,0.09205647711539731,-0.04991720777915447,0.055198925525061476,-0.281401709643111,-0.40692252206448454,0.15239782416390782,-0.910142539802742,-0.3916316215529129
38,7d,-0.7788635739995412,0.8389951916541151,-0.3268325656858918,-0.17607583800075838,1.1960408133552034,0.014337149684474453,0.11155830439510427,-0.08330815394103239,-0.07170830777862061,-0.21580060080810715,-0.40930766152408987,0.09457712711045538,-0.9181029295649764,-0.3197927552460508
39,7d,-0.6274785964992396,0.6447149033311972,-0.24938316511284891,-0.22395816077140923,1.066552068395553,0.09618600957642427,0.14287755218647744,-0.059062613928007726,-0.1301970305078695,-0.12133424566592908,-0.34332005927465786,0.07587115521436871,-0.8427517005643879,-0.2200938109896118
40,7d,-0.5588851037454785,0.516691757848563,-0.12876053425151124,-0.16109014429425128,0.9174320100830763,0.0692361513522316,0.16966059116995902,0.04817712462840905,-0.004565208428279749,-0.06320109140574359,-0.21318717781604715,0.14716227343308833,-0.6917422524006708,-0.15724495688890658
41,7d,-0.6968996312152228,0.6952180758822974,-0.21187149272321704,-0.1668940301827583,1.0940869165203067,0.03481934569235992,0.15844336264048775,0.010007128055077306,-0.004812380322730021,-0.1353505875356213,-0.2991419943460225,0.14949027791814928,-0.8248619852773778,-0.23866848273420554
42,7d,-0.9418696570054835,1.0772992012404259,-0.47408292742059654,-0.1125393556080546,1.311418131777554,-0.07712671716014889,0.030631382783125743,-0.1790454348806785,-0.07081752270867978,-0.35580996186546365,-0.5334288768280029,0.05740691932272559,-0.9904681607239225,-0.462157677394451
43,7d,-0.9144950575121176,1.0645780220217975,-0.48647150018877955,-0.12465832429377736,1.2879894807975738,-0.0699290842621766,0.01993297238323686,-0.20177808088054994,-0.10019530238337587,-0.3578729210206064,-0.545023736817353,0.03427753868279663,-0.9841462731943235,-0.45889394359282687
44,7d,-0.6998545941717698,0.7665227519671146,-0.32624666005007585,-0.085598170811815,0.981408440953351,-0.03230096467809733,0.04285816256482797,-0.10868293861310142,-0.0524057920922769,-0.23625894937318073,-0.3757090331139043,0.05710582721744592,-0.7354491918323439,-0.3241161033812522
45,7d,-0.9409697706540823,1.0530452731870317,-0.4493360579620683,-0.09139872846183975,1.2884941432377015,-0.07939747670802315,0.0369347920795729,-0.15383414228911335,-0.04417650759159971,-0.34274058924176,-0.5062904881713135,0.07507499295762245,-0.9599416567188865,-0.4526670655607593
46,7d,-0.7301195990814597,0.682454592290334,-0.18736640860855588,-0.0736002780520435,1.0288397014797637,-0.0013354390804012118,0.14041409845934644,0.04601849337512463,0.06682511082334534,-0.1417095801146806,-0.25580801021252186,0.17905471570505366,-0.7307061987713681,-0.254643349552757
47,ctrl,0.5183861310879159,-0.5171898250366109,0.273960470461188,-0.44144221370865583,-0.10855847477341526,0.2951550067515336,0.23680730924739055,0.11212839443223217,-0.1976976028960701,0.3355766579347942,0.16556099190778428,-0.003606882306598574,-0.0983479577356016,0.3866288108244744
48,ctrl,-0.424679100144604,0.3060027256242958,-0.5059436681861403,0.6999777945765339,-0.35747402078872187,-0.1685302873632171,-0.520177106756569,-0.4355453597752367,-0.2143231185464928,-0.39637011169244496,-0.3068060046280325,-0.3402398840423978,0.488391955553692,-0.4893928210475421
49,ctrl,0.09225813058585734,0.32490567898843437,-0.5879558848715959,0.36411579537941985,-0.6573812693351823,-0.35161934114356397,-0.6048923158579244,-0.6405880113264555,-0.27330540472799864,-0.5174318582596952,-0.3953575297561109,-0.5095482444660355,0.4809534725521634,-0.4087222266413274
50,ctrl,0.20936414888541507,0.2522170002106177,-0.49948034506094424,0.22842032482796587,-0.635896285918293,-0.3274334636057121,-0.5220442859631379,-0.576785386951839,-0.2447121691837002,-0.44898567800968747,-0.34024675981070096,-0.46463208646576987,0.4145206701256218,-0.3126760796621049
51,ctrl,-0.473502672157572,0.3323228268952393,-0.57063384773346,0.8571888445305939,-0.49274362243280667,-0.22679314224163535,-0.6216391737774878,-0.49254851822772583,-0.20713136150136452,-0.4660329505363498,-0.3265282551116636,-0.3874719715933127,0.6421600724179118,-0.5682217155708746
52,ctrl,-0.09216792335154853,0.21909757484357253,-0.404928649637839,0.30463258186289865,-0.30804928593679454,-0.14045853673471223,-0.38206650588093044,-0.4098944101926982,-0.2432736948408652,-0.3095385035444655,-0.2820735702539897,-0.3280320948369572,0.27066002305332426,-0.3013905067599408
